Video Names,features
Arson009_x264.mp4,e301227db2da73824850c0f8969bca165c4c340b4b41d64c5cb8c875fa5dc815
Arson012_x264.mp4,1e47a786d515ef507116d00078fea34bf1f8fb6d682af56eed56b75c467ad801
Arson018_x264.mp4,f9cd8c8da985464c9be8512cd2592c17ea3e0b6ebbd91850518d9fca4fa964fe
Arson037_x264.mp4,d41918405876d409387b0a5c09c5c505ba5ccc06fbef65a13c4756f4d15cfae5
Arson049_x264.mp4,e9b9823013565898f833834efd4d22d37fab59cb9901e75b65a1db7c8ffd5c0a
Burglary078_x264.mp4,6f00c1786c9935c85ed9222ee4e6faab63eb73292eb01de66d78b0f18804ded3
Burglary080_x264.mp4,9d546019456a33318764f00b8d111c0d99710a89815a14a1c6d4a5fc06a6c2a3
Burglary081_x264.mp4,105ad78206b123709375f1a45e07d7355d089ec6c35c9f3a1c778a8edb05e027
Burglary092_x264.mp4,b9ced188acef3112445277749917c7ba15f6f58d563630af9ed7a6d13b0030d4
Burglary093_x264.mp4,335387e4cbafe121f48abbe5e9d95b8d4b8de945bf341bd299cb23279b20ca84
Burglary097_x264.mp4,13b5a6fde097895e3069703d6188e2025f36954c4a43fd334845e4e8198473e0
Burglary098_x264.mp4,e2c94fdd2f85514fb55d5b88b3b2f6d0d89db8634f0350c2f0ddfcd0f5e49676
Explosion021_x264.mp4,854c0e02b2cdb39ae475ce6b3a98dc8ce1fd4fa72d710ec23b3550ffe7c1d2e2
Explosion025_x264.mp4,702fed46e7a07a099254e8f01d55b43d2c8c93dd5dec2640b68d4a5646193a12
Explosion027_x264.mp4,2d18e88f0645d29db05bc53755fe4ca247ea9eab889726d2c5ebef4b5335b2b2
Explosion034_x264.mp4,f3c866598f3793c84f483423521931e6f7bdcf27d2696d6e2b1aac84087304fe
Explosion037_x264.mp4,814688584192bb9be0a4a07dc9d76401ebf6d61190461d8a0f51a4d35feb8f11
Explosion039_x264.mp4,7c78669849243c27cef98ff428dbefa43a3869a2f11faf68c63138cbae9d1bf9
Explosion044_x264.mp4,3873853bc373f9f2037c393554a0cf046853d1c29e8d87ce3b3abd53ea6790b7
Explosion045_x264.mp4,0df8c396bf6c5827f567ffab38ad162660f8c76e2e61821164a4644ce55a1297
Explosion048_x264.mp4,3a11e026d09dd0614628afea5b4d9cb6d24e4dbc6c26923ea18ef34f079f5ccb
Explosion050_x264.mp4,589d7522a34b1242b30d0f346472bed6815ba6642d8a3beeb782648f7f4704bd
